Workbook

Sheet Raw Data
A1: Date | B1: Real_GDP | C1: Real_Private_Consumption | D1: Real_Government_Consumption | E1: Real_Investment | F1: Real_Exports | G1: Real_Imports | H1: Population
A2: 2000-01-01 | B2: 1.0129085e+09 | C2: 6.2706184e+08 | D2: 70404081 | E2: 2.4611085e+08 | F2: 1.7810247e+08 | G2: 148270649 | H2: 216077790
A3: 2000-04-01 | B3: 1.0070851e+09 | C3: 6.3859017e+08 | D3: 71325098 | E3: 2.6808995e+08 | F3: 2.0567031e+08 | G3: 1.6090098e+08 | H3: 216832818
A4: 2000-07-01 | B4: 1.0316218e+09 | C4: 6.3733923e+08 | D4: 71942505 | E4: 2.7418159e+08 | F4: 2.1227581e+08 | G4: 1.9215957e+08 | H4: 217587846
A5: 2000-10-01 | B5: 1.0612872e+09 | C5: 6.4344012e+08 | D5: 73047403 | E5: 2.8371766e+08 | F5: 2.1884183e+08 | G5: 2.3716605e+08 | H5: 218342874
A6: 2001-01-01 | B6: 1.0537245e+09 | C6: 6.4880172e+08 | D6: 74656611 | E6: 2.9225208e+08 | F6: 2.1190037e+08 | G6: 2.0649572e+08 | H6: 219097902
A7: 2001-04-01 | B7: 1.064503e+09 | C7: 6.5533205e+08 | D7: 76038165 | E7: 2.9793832e+08 | F7: 2.1278266e+08 | G7: 2.1220126e+08 | H7: 2.1984555e+08
A8: 2001-07-01 | B8: 1.0647238e+09 | C8: 6.625483e+08 | D8: 77743342 | E8: 2.7345184e+08 | F8: 2.0047595e+08 | G8: 1.8148034e+08 | H8: 2.205932e+08
A9: 2001-10-01 | B9: 1.0798035e+09 | C9: 6.6872506e+08 | D9: 79967526 | E9: 2.7806357e+08 | F9: 1.9498733e+08 | G9: 1.691881e+08 | H9: 2.2134085e+08
A10: 2002-01-01 | B10: 1.0929674e+09 | C10: 6.756845e+08 | D10: 83111699 | E10: 284791560 | F10: 2.0094523e+08 | G10: 1.7745567e+08 | H10: 222088495
A11: 2002-04-01 | B11: 1.1070167e+09 | C11: 6.8163532e+08 | D11: 85630890 | E11: 2.9401416e+08 | F11: 2.0000346e+08 | G11: 1.7899977e+08 | H11: 2.2282837e+08
A12: 2002-07-01 | B12: 1.1212256e+09 | C12: 6.8646829e+08 | D12: 88829850 | E12: 3.0335517e+08 | F12: 2.0522632e+08 | G12: 1.8690256e+08 | H12: 2.2356825e+08
A13: 2002-10-01 | B13: 1.1333469e+09 | C13: 6.927085e+08 | D13: 90905788 | E13: 3.1314153e+08 | F13: 2.0399069e+08 | G13: 1.9331359e+08 | H13: 2.2430813e+08
... A102: 2025-01-01 | B102: 3.3284652e+09 | C102: 1.7966701e+09 | D102: 2.477221e+08 | E102: 1.0271453e+09 | F102: 8.1349721e+08 | G102: 6.5750234e+08 | H102: 283487931
A103: 2025-04-01 | B103: 3.3728878e+09 | C103: 1.821214e+09 | E103: 1.0444575e+09 | F103: 8.3226448e+08 | G103: 6.8555738e+08 | H103: 283487931
A104: 2025-07-01 | B104: 3.416223e+09 | C104: 1.8430054e+09 | E104: 1.0595638e+09 | F104: 8.4310916e+08 | G104: 6.750952e+08 | H104: 283487931
A105: 2025-10-01 | B105: 3.4629487e+09 | C105: 1.866937e+09 | E105: 1074229924 | F105: 8.3612437e+08 | G105: 6.906196e+08 | H105: 283487931
A106: 2026-01-01 | B106: 3.510283e+09 | C106: 1.8913173e+09 | E106: 1.0893814e+09 | F106: 824652254 | G106: 6.9165041e+08 | H106: 283487931

Sheet Clean Data
A1: Date | B1: Real_GDP | C1: Real_Private_Consumption | D1: Real_Government_Consumption | E1: Real_Investment | F1: Real_Exports | G1: Real_Imports | H1: Population
A2: ='Raw Data'!A2 -> 2000-01-01 | B2: ='Raw Data'!B2 -> 1.0129085e+09 | C2: ='Raw Data'!C2 -> 6.2706184e+08 | D2: ='Raw Data'!D2 -> 70404081 | E2: ='Raw Data'!E2 -> 2.4611085e+08 | F2: ='Raw Data'!F2 -> 1.7810247e+08 | G2: ='Raw Data'!G2 -> 148270649 | H2: ='Raw Data'!H2 -> 216077790
A3: ='Raw Data'!A3 -> 2000-04-01 | B3: ='Raw Data'!B3 -> 1.0070851e+09 | C3: ='Raw Data'!C3 -> 6.3859017e+08 | D3: ='Raw Data'!D3 -> 71325098 | E3: ='Raw Data'!E3 -> 2.6808995e+08 | F3: ='Raw Data'!F3 -> 2.0567031e+08 | G3: ='Raw Data'!G3 -> 1.6090098e+08 | H3: ='Raw Data'!H3 -> 216832818
A4: ='Raw Data'!A4 -> 2000-07-01 | B4: ='Raw Data'!B4 -> 1.0316218e+09 | C4: ='Raw Data'!C4 -> 6.3733923e+08 | D4: ='Raw Data'!D4 -> 71942505 | E4: ='Raw Data'!E4 -> 2.7418159e+08 | F4: ='Raw Data'!F4 -> 2.1227581e+08 | G4: ='Raw Data'!G4 -> 1.9215957e+08 | H4: ='Raw Data'!H4 -> 217587846
A5: ='Raw Data'!A5 -> 2000-10-01 | B5: ='Raw Data'!B5 -> 1.0612872e+09 | C5: ='Raw Data'!C5 -> 6.4344012e+08 | D5: ='Raw Data'!D5 -> 73047403 | E5: ='Raw Data'!E5 -> 2.8371766e+08 | F5: ='Raw Data'!F5 -> 2.1884183e+08 | G5: ='Raw Data'!G5 -> 2.3716605e+08 | H5: ='Raw Data'!H5 -> 218342874
A6: ='Raw Data'!A6 -> 2001-01-01 | B6: ='Raw Data'!B6 -> 1.0537245e+09 | C6: ='Raw Data'!C6 -> 6.4880172e+08 | D6: ='Raw Data'!D6 -> 74656611 | E6: ='Raw Data'!E6 -> 2.9225208e+08 | F6: ='Raw Data'!F6 -> 2.1190037e+08 | G6: ='Raw Data'!G6 -> 2.0649572e+08 | H6: ='Raw Data'!H6 -> 219097902
A7: ='Raw Data'!A7 -> 2001-04-01 | B7: ='Raw Data'!B7 -> 1.064503e+09 | C7: ='Raw Data'!C7 -> 6.5533205e+08 | D7: ='Raw Data'!D7 -> 76038165 | E7: ='Raw Data'!E7 -> 2.9793832e+08 | F7: ='Raw Data'!F7 -> 2.1278266e+08 | G7: ='Raw Data'!G7 -> 2.1220126e+08 | H7: ='Raw Data'!H7 -> 2.1984555e+08
A8: ='Raw Data'!A8 -> 2001-07-01 | B8: ='Raw Data'!B8 -> 1.0647238e+09 | C8: ='Raw Data'!C8 -> 6.625483e+08 | D8: ='Raw Data'!D8 -> 77743342 | E8: ='Raw Data'!E8 -> 2.7345184e+08 | F8: ='Raw Data'!F8 -> 2.0047595e+08 | G8: ='Raw Data'!G8 -> 1.8148034e+08 | H8: ='Raw Data'!H8 -> 2.205932e+08
A9: ='Raw Data'!A9 -> 2001-10-01 | B9: ='Raw Data'!B9 -> 1.0798035e+09 | C9: ='Raw Data'!C9 -> 6.6872506e+08 | D9: ='Raw Data'!D9 -> 79967526 | E9: ='Raw Data'!E9 -> 2.7806357e+08 | F9: ='Raw Data'!F9 -> 1.9498733e+08 | G9: ='Raw Data'!G9 -> 1.691881e+08 | H9: ='Raw Data'!H9 -> 2.2134085e+08
A10: ='Raw Data'!A10 -> 2002-01-01 | B10: ='Raw Data'!B10 -> 1.0929674e+09 | C10: ='Raw Data'!C10 -> 6.756845e+08 | D10: ='Raw Data'!D10 -> 83111699 | E10: ='Raw Data'!E10 -> 284791560 | F10: ='Raw Data'!F10 -> 2.0094523e+08 | G10: ='Raw Data'!G10 -> 1.7745567e+08 | H10: ='Raw Data'!H10 -> 222088495
A11: ='Raw Data'!A11 -> 2002-04-01 | B11: ='Raw Data'!B11 -> 1.1070167e+09 | C11: ='Raw Data'!C11 -> 6.8163532e+08 | D11: ='Raw Data'!D11 -> 85630890 | E11: ='Raw Data'!E11 -> 2.9401416e+08 | F11: ='Raw Data'!F11 -> 2.0000346e+08 | G11: ='Raw Data'!G11 -> 1.7899977e+08 | H11: ='Raw Data'!H11 -> 2.2282837e+08
A12: ='Raw Data'!A12 -> 2002-07-01 | B12: ='Raw Data'!B12 -> 1.1212256e+09 | C12: ='Raw Data'!C12 -> 6.8646829e+08 | D12: ='Raw Data'!D12 -> 88829850 | E12: ='Raw Data'!E12 -> 3.0335517e+08 | F12: ='Raw Data'!F12 -> 2.0522632e+08 | G12: ='Raw Data'!G12 -> 1.8690256e+08 | H12: ='Raw Data'!H12 -> 2.2356825e+08
A13: ='Raw Data'!A13 -> 2002-10-01 | B13: ='Raw Data'!B13 -> 1.1333469e+09 | C13: ='Raw Data'!C13 -> 6.927085e+08 | D13: ='Raw Data'!D13 -> 90905788 | E13: ='Raw Data'!E13 -> 3.1314153e+08 | F13: ='Raw Data'!F13 -> 2.0399069e+08 | G13: ='Raw Data'!G13 -> 1.9331359e+08 | H13: ='Raw Data'!H13 -> 2.2430813e+08
... A106: ='Raw Data'!A106 -> 2026-01-01 | B106: ='Raw Data'!B106 -> 3.510283e+09 | C106: ='Raw Data'!C106 -> 1.8913173e+09 | D106: ='Raw Data'!D106 -> 0 | E106: ='Raw Data'!E106 -> 1.0893814e+09 | F106: ='Raw Data'!F106 -> 824652254 | G106: ='Raw Data'!G106 -> 6.9165041e+08 | H106: ='Raw Data'!H106 -> 283487931

Sheet Growth Rates
A1: Date | B1: Real_GDP | C1: Real_Private_Consumption | D1: Real_Government_Consumption | E1: Real_Investment | F1: Real_Exports | G1: Real_Imports
A6: ='Clean Data'!A6 -> 2001-01-01 | B6: =('Clean Data'!B6/'Clean Data'!B2)-1 -> 0.040295839 | C6: =('Clean Data'!C6/'Clean Data'!C2)-1 -> 0.034669444 | D6: =('Clean Data'!D6/'Clean Data'!D2)-1 -> 0.06040176 | E6: =('Clean Data'!E6/'Clean Data'!E2)-1 -> 0.18748149 | F6: =('Clean Data'!F6/'Clean Data'!F2)-1 -> 0.18976657 | G6: =('Clean Data'!G6/'Clean Data'!G2)-1 -> 0.39269452
A7: ='Clean Data'!A7 -> 2001-04-01 | B7: =('Clean Data'!B7/'Clean Data'!B3)-1 -> 0.057013995 | C7: =('Clean Data'!C7/'Clean Data'!C3)-1 -> 0.026216947 | D7: =('Clean Data'!D7/'Clean Data'!D3)-1 -> 0.066078671 | E7: =('Clean Data'!E7/'Clean Data'!E3)-1 -> 0.11133715 | F7: =('Clean Data'!F7/'Clean Data'!F3)-1 -> 0.034581314 | G7: =('Clean Data'!G7/'Clean Data'!G3)-1 -> 0.31883132
A8: ='Clean Data'!A8 -> 2001-07-01 | B8: =('Clean Data'!B8/'Clean Data'!B4)-1 -> 0.032087359 | C8: =('Clean Data'!C8/'Clean Data'!C4)-1 -> 0.039553608 | D8: =('Clean Data'!D8/'Clean Data'!D4)-1 -> 0.080631577 | E8: =('Clean Data'!E8/'Clean Data'!E4)-1 -> -0.0026615587 | F8: =('Clean Data'!F8/'Clean Data'!F4)-1 -> -0.055587404 | G8: =('Clean Data'!G8/'Clean Data'!G4)-1 -> -0.055574822
A9: ='Clean Data'!A9 -> 2001-10-01 | B9: =('Clean Data'!B9/'Clean Data'!B5)-1 -> 0.017446988 | C9: =('Clean Data'!C9/'Clean Data'!C5)-1 -> 0.039296501 | D9: =('Clean Data'!D9/'Clean Data'!D5)-1 -> 0.094734687 | E9: =('Clean Data'!E9/'Clean Data'!E5)-1 -> -0.019928581 | F9: =('Clean Data'!F9/'Clean Data'!F5)-1 -> -0.10900339 | G9: =('Clean Data'!G9/'Clean Data'!G5)-1 -> -0.28662598
A10: ='Clean Data'!A10 -> 2002-01-01 | B10: =('Clean Data'!B10/'Clean Data'!B6)-1 -> 0.037242014 | C10: =('Clean Data'!C10/'Clean Data'!C6)-1 -> 0.041434507 | D10: =('Clean Data'!D10/'Clean Data'!D6)-1 -> 0.11325304 | E10: =('Clean Data'!E10/'Clean Data'!E6)-1 -> -0.025527684 | F10: =('Clean Data'!F10/'Clean Data'!F6)-1 -> -0.051699482 | G10: =('Clean Data'!G10/'Clean Data'!G6)-1 -> -0.1406327
A11: ='Clean Data'!A11 -> 2002-04-01 | B11: =('Clean Data'!B11/'Clean Data'!B7)-1 -> 0.039937554 | C11: =('Clean Data'!C11/'Clean Data'!C7)-1 -> 0.040137318 | D11: =('Clean Data'!D11/'Clean Data'!D7)-1 -> 0.12615671 | E11: =('Clean Data'!E11/'Clean Data'!E7)-1 -> -0.013171051 | F11: =('Clean Data'!F11/'Clean Data'!F7)-1 -> -0.060057532 | G11: =('Clean Data'!G11/'Clean Data'!G7)-1 -> -0.15646226
A12: ='Clean Data'!A12 -> 2002-07-01 | B12: =('Clean Data'!B12/'Clean Data'!B8)-1 -> 0.053067085 | C12: =('Clean Data'!C12/'Clean Data'!C8)-1 -> 0.036103016 | D12: =('Clean Data'!D12/'Clean Data'!D8)-1 -> 0.14260396 | E12: =('Clean Data'!E12/'Clean Data'!E8)-1 -> 0.10935502 | F12: =('Clean Data'!F12/'Clean Data'!F8)-1 -> 0.023695438 | G12: =('Clean Data'!G12/'Clean Data'!G8)-1 -> 0.029877734
A13: ='Clean Data'!A13 -> 2002-10-01 | B13: =('Clean Data'!B13/'Clean Data'!B9)-1 -> 0.049586194 | C13: =('Clean Data'!C13/'Clean Data'!C9)-1 -> 0.035864428 | D13: =('Clean Data'!D13/'Clean Data'!D9)-1 -> 0.1367838 | E13: =('Clean Data'!E13/'Clean Data'!E9)-1 -> 0.12615086 | F13: =('Clean Data'!F13/'Clean Data'!F9)-1 -> 0.046174103 | G13: =('Clean Data'!G13/'Clean Data'!G9)-1 -> 0.14259568
A14: ='Clean Data'!A14 -> 2003-01-01 | B14: =('Clean Data'!B14/'Clean Data'!B10)-1 -> 0.050478119 | C14: =('Clean Data'!C14/'Clean Data'!C10)-1 -> 0.033875702 | D14: =('Clean Data'!D14/'Clean Data'!D10)-1 -> 0.10532966 | E14: =('Clean Data'!E14/'Clean Data'!E10)-1 -> 0.017759704 | F14: =('Clean Data'!F14/'Clean Data'!F10)-1 -> 0.06569446 | G14: =('Clean Data'!G14/'Clean Data'!G10)-1 -> 0.049699028
A15: ='Clean Data'!A15 -> 2003-04-01 | B15: =('Clean Data'!B15/'Clean Data'!B11)-1 -> 0.048906173 | C15: =('Clean Data'!C15/'Clean Data'!C11)-1 -> 0.034931795 | D15: =('Clean Data'!D15/'Clean Data'!D11)-1 -> 0.10667431 | E15: =('Clean Data'!E15/'Clean Data'!E11)-1 -> 0.0040981132 | F15: =('Clean Data'!F15/'Clean Data'!F11)-1 -> 0.097305615 | G15: =('Clean Data'!G15/'Clean Data'!G11)-1 -> -0.0019501897
A16: ='Clean Data'!A16 -> 2003-07-01 | B16: =('Clean Data'!B16/'Clean Data'!B12)-1 -> 0.046462728 | C16: =('Clean Data'!C16/'Clean Data'!C12)-1 -> 0.038240598 | D16: =('Clean Data'!D16/'Clean Data'!D12)-1 -> 0.09802091 | E16: =('Clean Data'!E16/'Clean Data'!E12)-1 -> 0.0027797037 | F16: =('Clean Data'!F16/'Clean Data'!F12)-1 -> 0.024882717 | G16: =('Clean Data'!G16/'Clean Data'!G12)-1 -> 0.0014486345
A17: ='Clean Data'!A17 -> 2003-10-01 | B17: =('Clean Data'!B17/'Clean Data'!B13)-1 -> 0.045474302 | C17: =('Clean Data'!C17/'Clean Data'!C13)-1 -> 0.048473355 | D17: =('Clean Data'!D17/'Clean Data'!D13)-1 -> 0.092064546 | E17: =('Clean Data'!E17/'Clean Data'!E13)-1 -> 0.00022263576 | F17: =('Clean Data'!F17/'Clean Data'!F13)-1 -> 0.048631604 | G17: =('Clean Data'!G17/'Clean Data'!G13)-1 -> 0.014373213
... A106: ='Clean Data'!A106 -> 2026-01-01 | B106: =('Clean Data'!B106/'Clean Data'!B102)-1 -> 0.054625101 | C106: =('Clean Data'!C106/'Clean Data'!C102)-1 -> 0.052679242 | D106: =('Clean Data'!D106/'Clean Data'!D102)-1 -> -1 | E106: =('Clean Data'!E106/'Clean Data'!E102)-1 -> 0.060591299 | F106: =('Clean Data'!F106/'Clean Data'!F102)-1 -> 0.013712452 | G106: =('Clean Data'!G106/'Clean Data'!G102)-1 -> 0.051936036

Sheet Expenditure Shares
A1: Date | B1: Real_Private_Consumption | C1: Real_Government_Consumption | D1: Real_Investment | E1: Real_Exports | F1: Real_Imports
A2: ='Clean Data'!A2 -> 2000-01-01 | B2: ='Clean Data'!C2/'Clean Data'!B2 -> 0.61907053 | C2: ='Clean Data'!D2/'Clean Data'!B2 -> 0.069506848 | D2: ='Clean Data'!E2/'Clean Data'!B2 -> 0.2429744 | E2: ='Clean Data'!F2/'Clean Data'!B2 -> 0.17583273 | F2: ='Clean Data'!G2/'Clean Data'!B2 -> 0.14638108
A3: ='Clean Data'!A3 -> 2000-04-01 | B3: ='Clean Data'!C3/'Clean Data'!B3 -> 0.63409752 | C3: ='Clean Data'!D3/'Clean Data'!B3 -> 0.070823308 | D3: ='Clean Data'!E3/'Clean Data'!B3 -> 0.26620387 | E3: ='Clean Data'!F3/'Clean Data'!B3 -> 0.20422337 | F3: ='Clean Data'!G3/'Clean Data'!B3 -> 0.159769
A4: ='Clean Data'!A4 -> 2000-07-01 | B4: ='Clean Data'!C4/'Clean Data'!B4 -> 0.61780319 | C4: ='Clean Data'!D4/'Clean Data'!B4 -> 0.069737287 | D4: ='Clean Data'!E4/'Clean Data'!B4 -> 0.26577724 | E4: ='Clean Data'!F4/'Clean Data'!B4 -> 0.20576903 | F4: ='Clean Data'!G4/'Clean Data'!B4 -> 0.1862694
A5: ='Clean Data'!A5 -> 2000-10-01 | B5: ='Clean Data'!C5/'Clean Data'!B5 -> 0.60628272 | C5: ='Clean Data'!D5/'Clean Data'!B5 -> 0.06882906 | D5: ='Clean Data'!E5/'Clean Data'!B5 -> 0.26733352 | E5: ='Clean Data'!F5/'Clean Data'!B5 -> 0.20620415 | F5: ='Clean Data'!G5/'Clean Data'!B5 -> 0.22347018
A6: ='Clean Data'!A6 -> 2001-01-01 | B6: ='Clean Data'!C6/'Clean Data'!B6 -> 0.61572232 | C6: ='Clean Data'!D6/'Clean Data'!B6 -> 0.070850215 | D6: ='Clean Data'!E6/'Clean Data'!B6 -> 0.27735149 | E6: ='Clean Data'!F6/'Clean Data'!B6 -> 0.20109655 | F6: ='Clean Data'!G6/'Clean Data'!B6 -> 0.19596746
A7: ='Clean Data'!A7 -> 2001-04-01 | B7: ='Clean Data'!C7/'Clean Data'!B7 -> 0.61562253 | C7: ='Clean Data'!D7/'Clean Data'!B7 -> 0.07143067 | D7: ='Clean Data'!E7/'Clean Data'!B7 -> 0.27988489 | E7: ='Clean Data'!F7/'Clean Data'!B7 -> 0.1998892 | F7: ='Clean Data'!G7/'Clean Data'!B7 -> 0.19934302
A8: ='Clean Data'!A8 -> 2001-07-01 | B8: ='Clean Data'!C8/'Clean Data'!B8 -> 0.62227245 | C8: ='Clean Data'!D8/'Clean Data'!B8 -> 0.073017379 | D8: ='Clean Data'!E8/'Clean Data'!B8 -> 0.2568289 | E8: ='Clean Data'!F8/'Clean Data'!B8 -> 0.18828916 | F8: ='Clean Data'!G8/'Clean Data'!B8 -> 0.17044828
A9: ='Clean Data'!A9 -> 2001-10-01 | B9: ='Clean Data'!C9/'Clean Data'!B9 -> 0.61930255 | C9: ='Clean Data'!D9/'Clean Data'!B9 -> 0.074057479 | D9: ='Clean Data'!E9/'Clean Data'!B9 -> 0.25751312 | E9: ='Clean Data'!F9/'Clean Data'!B9 -> 0.18057668 | F9: ='Clean Data'!G9/'Clean Data'!B9 -> 0.15668415
A10: ='Clean Data'!A10 -> 2002-01-01 | B10: ='Clean Data'!C10/'Clean Data'!B10 -> 0.61821104 | C10: ='Clean Data'!D10/'Clean Data'!B10 -> 0.076042251 | D10: ='Clean Data'!E10/'Clean Data'!B10 -> 0.2605673 | E10: ='Clean Data'!F10/'Clean Data'!B10 -> 0.18385291 | F10: ='Clean Data'!G10/'Clean Data'!B10 -> 0.16236136
A11: ='Clean Data'!A11 -> 2002-04-01 | B11: ='Clean Data'!C11/'Clean Data'!B11 -> 0.61574078 | C11: ='Clean Data'!D11/'Clean Data'!B11 -> 0.077352845 | D11: ='Clean Data'!E11/'Clean Data'!B11 -> 0.26559144 | E11: ='Clean Data'!F11/'Clean Data'!B11 -> 0.18066888 | F11: ='Clean Data'!G11/'Clean Data'!B11 -> 0.16169564
A12: ='Clean Data'!A12 -> 2002-07-01 | B12: ='Clean Data'!C12/'Clean Data'!B12 -> 0.61224814 | C12: ='Clean Data'!D12/'Clean Data'!B12 -> 0.079225671 | D12: ='Clean Data'!E12/'Clean Data'!B12 -> 0.27055677 | E12: ='Clean Data'!F12/'Clean Data'!B12 -> 0.18303749 | F12: ='Clean Data'!G12/'Clean Data'!B12 -> 0.16669487
A13: ='Clean Data'!A13 -> 2002-10-01 | B13: ='Clean Data'!C13/'Clean Data'!B13 -> 0.6112061 | C13: ='Clean Data'!D13/'Clean Data'!B13 -> 0.080210033 | D13: ='Clean Data'!E13/'Clean Data'!B13 -> 0.27629805 | E13: ='Clean Data'!F13/'Clean Data'!B13 -> 0.17998964 | F13: ='Clean Data'!G13/'Clean Data'!B13 -> 0.17056878
... A106: ='Clean Data'!A106 -> 2026-01-01 | B106: ='Clean Data'!C106/'Clean Data'!B106 -> 0.53879341 | C106: ='Clean Data'!D106/'Clean Data'!B106 -> 0 | D106: ='Clean Data'!E106/'Clean Data'!B106 -> 0.31034005 | E106: ='Clean Data'!F106/'Clean Data'!B106 -> 0.23492472 | F106: ='Clean Data'!G106/'Clean Data'!B106 -> 0.19703551

Sheet Contributions
A1: Date | B1: Real_Private_Consumption | C1: Real_Government_Consumption | D1: Real_Investment | E1: Real_Exports | F1: Real_Imports
A6: ='Clean Data'!A6 -> 2001-01-01 | B6: =('Clean Data'!C6-'Clean Data'!C2)/'Clean Data'!B2 -> 0.021462831 | C6: =('Clean Data'!D6-'Clean Data'!D2)/'Clean Data'!B2 -> 0.004198336 | D6: =('Clean Data'!E6-'Clean Data'!E2)/'Clean Data'!B2 -> 0.045553203 | E6: =('Clean Data'!F6-'Clean Data'!F2)/'Clean Data'!B2 -> 0.033367173 | F6: =-('Clean Data'!G6-'Clean Data'!G2)/'Clean Data'!B2 -> -0.057483049
A7: ='Clean Data'!A7 -> 2001-04-01 | B7: =('Clean Data'!C7-'Clean Data'!C3)/'Clean Data'!B3 -> 0.016624101 | C7: =('Clean Data'!D7-'Clean Data'!D3)/'Clean Data'!B3 -> 0.0046799101 | D7: =('Clean Data'!E7-'Clean Data'!E3)/'Clean Data'!B3 -> 0.029638379 | E7: =('Clean Data'!F7-'Clean Data'!F3)/'Clean Data'!B3 -> 0.0070623124 | F7: =-('Clean Data'!G7-'Clean Data'!G3)/'Clean Data'!B3 -> -0.050939363
A8: ='Clean Data'!A8 -> 2001-07-01 | B8: =('Clean Data'!C8-'Clean Data'!C4)/'Clean Data'!B4 -> 0.024436345 | C8: =('Clean Data'!D8-'Clean Data'!D4)/'Clean Data'!B4 -> 0.0056230274 | D8: =('Clean Data'!E8-'Clean Data'!E4)/'Clean Data'!B4 -> -0.00070738173 | E8: =('Clean Data'!F8-'Clean Data'!F4)/'Clean Data'!B4 -> -0.011438166 | F8: =-('Clean Data'!G8-'Clean Data'!G4)/'Clean Data'!B4 -> 0.010351889
A9: ='Clean Data'!A9 -> 2001-10-01 | B9: =('Clean Data'!C9-'Clean Data'!C5)/'Clean Data'!B5 -> 0.02382479 | C9: =('Clean Data'!D9-'Clean Data'!D5)/'Clean Data'!B5 -> 0.0065204994 | D9: =('Clean Data'!E9-'Clean Data'!E5)/'Clean Data'!B5 -> -0.0053275779 | E9: =('Clean Data'!F9-'Clean Data'!F5)/'Clean Data'!B5 -> -0.02247695 | F9: =-('Clean Data'!G9-'Clean Data'!G5)/'Clean Data'!B5 -> 0.06405236
A10: ='Clean Data'!A10 -> 2002-01-01 | B10: =('Clean Data'!C10-'Clean Data'!C6)/'Clean Data'!B6 -> 0.025512151 | C10: =('Clean Data'!D10-'Clean Data'!D6)/'Clean Data'!B6 -> 0.0080240022 | D10: =('Clean Data'!E10-'Clean Data'!E6)/'Clean Data'!B6 -> -0.0070801414 | E10: =('Clean Data'!F10-'Clean Data'!F6)/'Clean Data'!B6 -> -0.010396587 | F10: =-('Clean Data'!G10-'Clean Data'!G6)/'Clean Data'!B6 -> 0.027559432
A11: ='Clean Data'!A11 -> 2002-04-01 | B11: =('Clean Data'!C11-'Clean Data'!C7)/'Clean Data'!B7 -> 0.024709437 | C11: =('Clean Data'!D11-'Clean Data'!D7)/'Clean Data'!B7 -> 0.009011458 | D11: =('Clean Data'!E11-'Clean Data'!E7)/'Clean Data'!B7 -> -0.0036863782 | E11: =('Clean Data'!F11-'Clean Data'!F7)/'Clean Data'!B7 -> -0.012004852 | F11: =-('Clean Data'!G11-'Clean Data'!G7)/'Clean Data'!B7 -> 0.03118966
A12: ='Clean Data'!A12 -> 2002-07-01 | B12: =('Clean Data'!C12-'Clean Data'!C8)/'Clean Data'!B8 -> 0.022465912 | C12: =('Clean Data'!D12-'Clean Data'!D8)/'Clean Data'!B8 -> 0.010412567 | D12: =('Clean Data'!E12-'Clean Data'!E8)/'Clean Data'!B8 -> 0.028085528 | E12: =('Clean Data'!F12-'Clean Data'!F8)/'Clean Data'!B8 -> 0.0044615941 | F12: =-('Clean Data'!G12-'Clean Data'!G8)/'Clean Data'!B8 -> -0.0050926082
A13: ='Clean Data'!A13 -> 2002-10-01 | B13: =('Clean Data'!C13-'Clean Data'!C9)/'Clean Data'!B9 -> 0.022210932 | C13: =('Clean Data'!D13-'Clean Data'!D9)/'Clean Data'!B9 -> 0.010129864 | D13: =('Clean Data'!E13-'Clean Data'!E9)/'Clean Data'!B9 -> 0.032485501 | E13: =('Clean Data'!F13-'Clean Data'!F9)/'Clean Data'!B9 -> 0.0083379661 | F13: =-('Clean Data'!G13-'Clean Data'!G9)/'Clean Data'!B9 -> -0.022342483
A14: ='Clean Data'!A14 -> 2003-01-01 | B14: =('Clean Data'!C14-'Clean Data'!C10)/'Clean Data'!B10 -> 0.020942333 | C14: =('Clean Data'!D14-'Clean Data'!D10)/'Clean Data'!B10 -> 0.0080095041 | D14: =('Clean Data'!E14-'Clean Data'!E10)/'Clean Data'!B10 -> 0.0046275981 | E14: =('Clean Data'!F14-'Clean Data'!F10)/'Clean Data'!B10 -> 0.012078117 | F14: =-('Clean Data'!G14-'Clean Data'!G10)/'Clean Data'!B10 -> -0.0080692018
A15: ='Clean Data'!A15 -> 2003-04-01 | B15: =('Clean Data'!C15-'Clean Data'!C11)/'Clean Data'!B11 -> 0.021508931 | C15: =('Clean Data'!D15-'Clean Data'!D11)/'Clean Data'!B11 -> 0.0082515616 | D15: =('Clean Data'!E15-'Clean Data'!E11)/'Clean Data'!B11 -> 0.0010884238 | E15: =('Clean Data'!F15-'Clean Data'!F11)/'Clean Data'!B11 -> 0.017580096 | F15: =-('Clean Data'!G15-'Clean Data'!G11)/'Clean Data'!B11 -> 0.00031533716
A16: ='Clean Data'!A16 -> 2003-07-01 | B16: =('Clean Data'!C16-'Clean Data'!C12)/'Clean Data'!B12 -> 0.023412735 | C16: =('Clean Data'!D16-'Clean Data'!D12)/'Clean Data'!B12 -> 0.0077657724 | D16: =('Clean Data'!E16-'Clean Data'!E12)/'Clean Data'!B12 -> 0.00075206765 | E16: =('Clean Data'!F16-'Clean Data'!F12)/'Clean Data'!B12 -> 0.00455447 | F16: =-('Clean Data'!G16-'Clean Data'!G12)/'Clean Data'!B12 -> -0.00024147995
A17: ='Clean Data'!A17 -> 2003-10-01 | B17: =('Clean Data'!C17-'Clean Data'!C13)/'Clean Data'!B13 -> 0.02962721 | C17: =('Clean Data'!D17-'Clean Data'!D13)/'Clean Data'!B13 -> 0.0073845002 | D17: =('Clean Data'!E17-'Clean Data'!E13)/'Clean Data'!B13 -> 6.1513825e-05 | E17: =('Clean Data'!F17-'Clean Data'!F13)/'Clean Data'!B13 -> 0.008753185 | F17: =-('Clean Data'!G17-'Clean Data'!G13)/'Clean Data'!B13 -> -0.0024516213
... A106: ='Clean Data'!A106 -> 2026-01-01 | B106: =('Clean Data'!C106-'Clean Data'!C102)/'Clean Data'!B102 -> 0.028435694 | C106: =('Clean Data'!D106-'Clean Data'!D102)/'Clean Data'!B102 -> -0.074425323 | D106: =('Clean Data'!E106-'Clean Data'!E102)/'Clean Data'!B102 -> 0.018698128 | E106: =('Clean Data'!F106-'Clean Data'!F102)/'Clean Data'!B102 -> 0.0033514068 | F106: =-('Clean Data'!G106-'Clean Data'!G102)/'Clean Data'!B102 -> -0.010259403

Sheet Correlations
A1: Component | B1: Correlation with GDP Growth
A2: Real_Private_Consumption | B2: =CORREL('Growth Rates'!C6:C106, 'Growth Rates'!B6:B106) -> 0.85636697
A3: Real_Government_Consumption | B3: =CORREL('Growth Rates'!D6:D106, 'Growth Rates'!B6:B106) -> -0.014653647
A4: Real_Investment | B4: =CORREL('Growth Rates'!E6:E106, 'Growth Rates'!B6:B106) -> 0.64591364
A5: Real_Exports | B5: =CORREL('Growth Rates'!F6:F106, 'Growth Rates'!B6:B106) -> 0.52140448
A6: Real_Imports | B6: =CORREL('Growth Rates'!G6:G106, 'Growth Rates'!B6:B106) -> 0.51084148

Sheet Welfare Indicators
A1: Date | B1: Real GDP per Capita | C1: Real Consumption per Capita
A2: ='Clean Data'!A2 -> 2000-01-01 | B2: =('Clean Data'!B2*1000000000)/'Clean Data'!H2 -> 4.6877032e+09 | C2: =('Clean Data'!C2*1000000000)/'Clean Data'!H2 -> 2.9020189e+09
A3: ='Clean Data'!A3 -> 2000-04-01 | B3: =('Clean Data'!B3*1000000000)/'Clean Data'!H3 -> 4.6445234e+09 | C3: =('Clean Data'!C3*1000000000)/'Clean Data'!H3 -> 2.9450808e+09
A4: ='Clean Data'!A4 -> 2000-07-01 | B4: =('Clean Data'!B4*1000000000)/'Clean Data'!H4 -> 4.7411738e+09 | C4: =('Clean Data'!C4*1000000000)/'Clean Data'!H4 -> 2.9291123e+09
A5: ='Clean Data'!A5 -> 2000-10-01 | B5: =('Clean Data'!B5*1000000000)/'Clean Data'!H5 -> 4.8606452e+09 | C5: =('Clean Data'!C5*1000000000)/'Clean Data'!H5 -> 2.9469252e+09
A6: ='Clean Data'!A6 -> 2001-01-01 | B6: =('Clean Data'!B6*1000000000)/'Clean Data'!H6 -> 4.8093776e+09 | C6: =('Clean Data'!C6*1000000000)/'Clean Data'!H6 -> 2.9612411e+09
A7: ='Clean Data'!A7 -> 2001-04-01 | B7: =('Clean Data'!B7*1000000000)/'Clean Data'!H7 -> 4.8420495e+09 | C7: =('Clean Data'!C7*1000000000)/'Clean Data'!H7 -> 2.9808748e+09
A8: ='Clean Data'!A8 -> 2001-07-01 | B8: =('Clean Data'!B8*1000000000)/'Clean Data'!H8 -> 4.8266393e+09 | C8: =('Clean Data'!C8*1000000000)/'Clean Data'!H8 -> 3.0034847e+09
A9: ='Clean Data'!A9 -> 2001-10-01 | B9: =('Clean Data'!B9*1000000000)/'Clean Data'!H9 -> 4.8784647e+09 | C9: =('Clean Data'!C9*1000000000)/'Clean Data'!H9 -> 3.0212456e+09
A10: ='Clean Data'!A10 -> 2002-01-01 | B10: =('Clean Data'!B10*1000000000)/'Clean Data'!H10 -> 4.9213147e+09 | C10: =('Clean Data'!C10*1000000000)/'Clean Data'!H10 -> 3.0424111e+09
A11: ='Clean Data'!A11 -> 2002-04-01 | B11: =('Clean Data'!B11*1000000000)/'Clean Data'!H11 -> 4.9680239e+09 | C11: =('Clean Data'!C11*1000000000)/'Clean Data'!H11 -> 3.0590149e+09
A12: ='Clean Data'!A12 -> 2002-07-01 | B12: =('Clean Data'!B12*1000000000)/'Clean Data'!H12 -> 5.0151378e+09 | C12: =('Clean Data'!C12*1000000000)/'Clean Data'!H12 -> 3.0705088e+09
A13: ='Clean Data'!A13 -> 2002-10-01 | B13: =('Clean Data'!B13*1000000000)/'Clean Data'!H13 -> 5.0526339e+09 | C13: =('Clean Data'!C13*1000000000)/'Clean Data'!H13 -> 3.0882006e+09
... A106: ='Clean Data'!A106 -> 2026-01-01 | B106: =('Clean Data'!B106*1000000000)/'Clean Data'!H106 -> 1.2382478e+10 | C106: =('Clean Data'!C106*1000000000)/'Clean Data'!H106 -> 6.6715974e+09

Sheet Dashboard
A1: Dashboard Visuals and Cards to be placed here

Sheet Notes
A1: Data Source: FRED (API via Python & R)
A2: All figures are in Billions of Domestic Currency (Rupiah), Real, Seasonally Adjusted.
A3: Population data interpolated from annual to quarterly.
